"First Name","Last Name",Email,Phone,Comments
ghhg,e,e@gmail.com,1234567890,1
,,,,
t,e,e@gmail.com,01234567890,1
t,e,e@gmail.com,01234567890,1,"2025-02-08 05:19:47"
t,e,e@gmail.com,01234567890,1,"2025-02-08 05:20:01"
123,e,e@gmail.com,01234567890,1,"2025-02-08 05:21:12"
123,e,e@gmail.com,01234567890,123,"2025-02-08 05:23:00"
123,e,e@gmail.com,01234567890,123,"2025-02-08 05:23:03"
123,e,e@gmail.com,01234567890,1,"2025-02-08 05:24:55"
,,,,,"2025-02-08 05:27:45"
12311,e,e@gmail.com,01234567890,1,"2025-02-08 05:32:04"
aaa,dfsd,techmaster1@gmail.com,12345678900,123,"2025-02-08 05:37:54"
,,,,,"2025-02-08 05:37:57"
i,dfsd,techmaster1@gmail.com,12345678900,1,"2025-02-08 05:39:53"
i,dfsd,techmaster1@gmail.com,12345678900,1,"2025-02-08 05:39:56"
i,dfsd,techmaster1@gmail.com,12345678900,1,"2025-02-08 05:47:22"
,,,,,"2025-02-08 05:47:35"
i,dfsd,techmaster1@gmail.com,12345678900,123123,"2025-02-08 05:49:43"
shorat,e,e@gmail.com,01234567890,1,"2025-02-08 05:52:09"
,,,,,"2025-02-08 05:52:17"
shorat1,e,e@gmail.com,01234567890,1,"2025-02-08 05:54:26"
,,,,,"2025-02-08 05:54:27"
shorat1,e,e@gmail.com,01234567890,shorat,"2025-02-08 05:57:09"
,,,,,"2025-02-08 05:57:11"
inn,hjjjj,e@gmail.com,01234567890,1,"2025-02-08 05:59:08"
"shorat innovations",hjjjj,e@gmail.com,01234567890,1,"2025-02-08 06:01:46"
